<?xml version="1.0" encoding="utf-8"?>
<openbox_menu xmlns="http://openbox.org/" xmlns:xsi="http://www.w3.org/2001/XMLSchema-instance" xsi:schemaLocation="http://openbox.org/                 file:///usr/share/openbox/menu.xsd">
	<menu id="root-menu" label="Openbox 3.5">
		<menu id="openbox-menu" label="Applications" execute="/usr/bin/openbox-menu lxde-applications.menu"/>
		<menu execute="~/.config/openbox/pipemenus/obpipemenu-places ~/" id="places" label="Places"/>
		<menu execute="~/.config/openbox/pipemenus/obrecent.sh ~/" id="recent" label="Recent Files"/>
		<menu id="Preferences" label="Preferences">
			<menu id="root-menu-525118" label="Openbox Config">
				<item label="GUI Menu Editor">
					<action name="Execute">
						<execute>
							obmenu
						</execute>
					</action>
				</item>
				<item label="GUI Config Tool">
					<action name="Execute">
						<execute>
							obconf
						</execute>
					</action>
				</item>
				<item label="Key Editor">
					<action name="Execute">
						<execute>
							obkey
						</execute>
					</action>
				</item>
				<item label="Reconfigure">
					<action name="Reconfigure"/>
				</item>
				<item label="Restart">
					<action name="Restart"/>
				</item>
			</menu>
			<item label="Input Device Preferences">
				<action name="Execute">
					<execute>
						lxinput
					</execute>
				</action>
			</item>
			<item label="Screen Resolution">
				<action name="Execute">
					<execute>
						arandr
					</execute>
				</action>
			</item>
		</menu>
		<separator/>
		<item label="Exit">
			<action name="Execute">
                <execute>
                    oblogout
                </execute>
			</action>
		</item>
	</menu>
</openbox_menu>
